{
  "csv": "data/processed/braf_boosted.csv",
  "features": "ecfp4",
  "split_mode": "scaffold",
  "n": 8671,
  "active_pct": 0.2710183369853535,
  "oof": {
    "AUC": 0.9351352297475151,
    "AUPRC": 0.8496589852519651,
    "MCC@0.5": 0.6770231532955162
  },
  "sae": {
    "latent_dim": 2048,
    "dead_ratio": 0.0,
    "r2_median": 0.9092044532299042,
    "r2_above_05": 10,
    "r2_total": 10
  },
  "mmp_n_rules_excl_zero": 5,
  "mmp_n_cross_series": 8,
  "mmp_n_series_local": 0,
  "time_split": null,
  "external": null
}